pokedex_number,name,hp,attack,defense,sp_attack,sp_defense,speed,type1,type2,height_m,weight_kg,generation,is_legendary
1,Bulbasaur,45,49,49,65,65,45,grass,poison,0.7,6.9,1,0
2,Ivysaur,60,62,63,80,80,60,grass,poison,1,13,1,0
3,Venusaur,80,100,123,122,120,80,grass,poison,2,100,1,0
4,Charmander,39,52,43,60,50,65,fire,,0.6,8.5,1,0
5,Charmeleon,58,64,58,80,65,80,fire,,1.1,19,1,0
6,Charizard,78,104,78,159,115,100,fire,flying,1.7,90.5,1,0
7,Squirtle,44,48,65,50,64,43,water,,0.5,9,1,0
8,Wartortle,59,63,80,65,80,58,water,,1,22.5,1,0
9,Blastoise,79,103,120,135,115,78,water,,1.6,85.5,1,0
10,Caterpie,45,30,35,20,20,45,bug,,0.3,2.9,1,0
11,Metapod,50,20,55,25,25,30,bug,,0.7,9.9,1,0
12,Butterfree,60,45,50,90,80,70,bug,flying,1.1,32,1,0
13,Weedle,40,35,30,20,20,50,bug,poison,0.3,3.2,1,0
14,Kakuna,45,25,50,25,25,35,bug,poison,0.6,10,1,0
15,Beedrill,65,150,40,15,80,145,bug,poison,1,29.5,1,0
16,Pidgey,40,45,40,35,35,56,normal,flying,0.3,1.8,1,0
17,Pidgeotto,63,60,55,50,50,71,normal,flying,1.1,30,1,0
18,Pidgeot,83,80,80,135,80,121,normal,flying,1.5,39.5,1,0
19,Rattata,30,56,35,25,35,72,normal,dark,,,1,0
20,Raticate,75,71,70,40,80,77,normal,dark,,,1,0
21,Spearow,40,60,30,31,31,70,normal,flying,0.3,2,1,0
22,Fearow,65,90,65,61,61,100,normal,flying,1.2,38,1,0
23,Ekans,35,60,44,40,54,55,poison,,2,6.9,1,0
24,Arbok,60,95,69,65,79,80,poison,,3.5,65,1,0
25,Pikachu,35,55,40,50,50,90,electric,,0.4,6,1,0
26,Raichu,60,85,50,95,85,110,electric,electric,,,1,0
27,Sandshrew,50,75,90,10,35,40,ground,ice,,,1,0
28,Sandslash,75,100,120,25,65,65,ground,ice,,,1,0
29,Nidoran♀,55,47,52,40,40,41,poison,,0.4,7,1,0
30,Nidorina,70,62,67,55,55,56,poison,,0.8,20,1,0
31,Nidoqueen,90,92,87,75,85,76,poison,ground,1.3,60,1,0
32,Nidoran♂,46,57,40,40,40,50,poison,,0.5,9,1,0
33,Nidorino,61,72,57,55,55,65,poison,,0.9,19.5,1,0
34,Nidoking,81,102,77,85,75,85,poison,ground,1.4,62,1,0
35,Clefairy,70,45,48,60,65,35,fairy,,0.6,7.5,1,0
36,Clefable,95,70,73,95,90,60,fairy,,1.3,40,1,0
37,Vulpix,38,41,40,50,65,65,fire,ice,,,1,0
38,Ninetales,73,67,75,81,100,109,fire,ice,,,1,0
39,Jigglypuff,115,45,20,45,25,20,normal,fairy,0.5,5.5,1,0
40,Wigglytuff,140,70,45,85,50,45,normal,fairy,1,12,1,0
41,Zubat,40,45,35,30,40,55,poison,flying,0.8,7.5,1,0
42,Golbat,75,80,70,65,75,90,poison,flying,1.6,55,1,0
43,Oddish,45,50,55,75,65,30,grass,poison,0.5,5.4,1,0
44,Gloom,60,65,70,85,75,40,grass,poison,0.8,8.6,1,0
45,Vileplume,75,80,85,110,90,50,grass,poison,1.2,18.6,1,0
46,Paras,35,70,55,45,55,25,bug,grass,0.3,5.4,1,0
47,Parasect,60,95,80,60,80,30,bug,grass,1,29.5,1,0
48,Venonat,60,55,50,40,55,45,bug,poison,1,30,1,0
49,Venomoth,70,65,60,90,75,90,bug,poison,1.5,12.5,1,0
50,Diglett,10,55,30,35,45,90,ground,ground,,,1,0
51,Dugtrio,35,100,60,50,70,110,ground,ground,,,1,0
52,Meowth,40,35,35,50,40,90,normal,dark,,,1,0
53,Persian,65,60,60,75,65,115,normal,dark,,,1,0
54,Psyduck,50,52,48,65,50,55,water,,0.8,19.6,1,0
55,Golduck,80,82,78,95,80,85,water,,1.7,76.6,1,0
56,Mankey,40,80,35,35,45,70,fighting,,0.5,28,1,0
57,Primeape,65,105,60,60,70,95,fighting,,1,32,1,0
58,Growlithe,55,70,45,70,50,60,fire,,0.7,19,1,0
59,Arcanine,90,110,80,100,80,95,fire,,1.9,155,1,0
60,Poliwag,40,50,40,40,40,90,water,,0.6,12.4,1,0
61,Poliwhirl,65,65,65,50,50,90,water,,1,20,1,0
62,Poliwrath,90,95,95,70,90,70,water,fighting,1.3,54,1,0
63,Abra,25,20,15,105,55,90,psychic,,0.9,19.5,1,0
64,Kadabra,40,35,30,120,70,105,psychic,,1.3,56.5,1,0
65,Alakazam,55,50,65,175,105,150,psychic,,1.5,48,1,0
66,Machop,70,80,50,35,35,35,fighting,,0.8,19.5,1,0
67,Machoke,80,100,70,50,60,45,fighting,,1.5,70.5,1,0
68,Machamp,90,130,80,65,85,55,fighting,,1.6,130,1,0
69,Bellsprout,50,75,35,70,30,40,grass,poison,0.7,4,1,0
70,Weepinbell,65,90,50,85,45,55,grass,poison,1,6.4,1,0
71,Victreebel,80,105,65,100,70,70,grass,poison,1.7,15.5,1,0
72,Tentacool,40,40,35,50,100,70,water,poison,0.9,45.5,1,0
73,Tentacruel,80,70,65,80,120,100,water,poison,1.6,55,1,0
74,Geodude,40,80,100,30,30,20,rock,ground,,,1,0
75,Graveler,55,95,115,45,45,35,rock,ground,,,1,0
76,Golem,80,120,130,55,65,45,rock,ground,,,1,0
77,Ponyta,50,85,55,65,65,90,fire,,1,30,1,0
78,Rapidash,65,100,70,80,80,105,fire,,1.7,95,1,0
79,Slowpoke,90,65,65,40,40,15,water,psychic,1.2,36,1,0
80,Slowbro,95,75,180,130,80,30,water,psychic,1.6,78.5,1,0
81,Magnemite,25,35,70,95,55,45,electric,steel,0.3,6,1,0
82,Magneton,50,60,95,120,70,70,electric,steel,1,60,1,0
83,Farfetch'd,52,90,55,58,62,60,normal,flying,0.8,15,1,0
84,Doduo,35,85,45,35,35,75,normal,flying,1.4,39.2,1,0
85,Dodrio,60,110,70,60,60,110,normal,flying,1.8,85.2,1,0
86,Seel,65,45,55,45,70,45,water,,1.1,90,1,0
87,Dewgong,90,70,80,70,95,70,water,ice,1.7,120,1,0
88,Grimer,80,80,50,40,50,25,poison,poison,,,1,0
89,Muk,105,105,75,65,100,50,poison,poison,,,1,0
90,Shellder,30,65,100,45,25,40,water,,0.3,4,1,0
91,Cloyster,50,95,180,85,45,70,water,ice,1.5,132.5,1,0
92,Gastly,30,35,30,100,35,80,ghost,poison,1.3,0.1,1,0
93,Haunter,45,50,45,115,55,95,ghost,poison,1.6,0.1,1,0
94,Gengar,60,65,80,170,95,130,ghost,poison,1.5,40.5,1,0
95,Onix,35,45,160,30,45,70,rock,ground,8.8,210,1,0
96,Drowzee,60,48,45,43,90,42,psychic,,1,32.4,1,0
97,Hypno,85,73,70,73,115,67,psychic,,1.6,75.6,1,0
98,Krabby,30,105,90,25,25,50,water,,0.4,6.5,1,0
99,Kingler,55,130,115,50,50,75,water,,1.3,60,1,0
100,Voltorb,40,30,50,55,55,100,electric,,0.5,10.4,1,0
101,Electrode,60,50,70,80,80,150,electric,,1.2,66.6,1,0
102,Exeggcute,60,40,80,60,45,40,grass,psychic,0.4,2.5,1,0
103,Exeggutor,95,105,85,125,75,45,grass,psychic,,,1,0
104,Cubone,50,50,95,40,50,35,ground,,0.4,6.5,1,0
105,Marowak,60,80,110,50,80,45,ground,fire,,,1,0
106,Hitmonlee,50,120,53,35,110,87,fighting,,1.5,49.8,1,0
107,Hitmonchan,50,105,79,35,110,76,fighting,,1.4,50.2,1,0
108,Lickitung,90,55,75,60,75,30,normal,,1.2,65.5,1,0
109,Koffing,40,65,95,60,45,35,poison,,0.6,1,1,0
110,Weezing,65,90,120,85,70,60,poison,,1.2,9.5,1,0
111,Rhyhorn,80,85,95,30,30,25,ground,rock,1,115,1,0
112,Rhydon,105,130,120,45,45,40,ground,rock,1.9,120,1,0
113,Chansey,250,5,5,35,105,50,normal,,1.1,34.6,1,0
114,Tangela,65,55,115,100,40,60,grass,,1,35,1,0
115,Kangaskhan,105,125,100,60,100,100,normal,,2.2,80,1,0
116,Horsea,30,40,70,70,25,60,water,,0.4,8,1,0
117,Seadra,55,65,95,95,45,85,water,,1.2,25,1,0
118,Goldeen,45,67,60,35,50,63,water,,0.6,15,1,0
119,Seaking,80,92,65,65,80,68,water,,1.3,39,1,0
120,Staryu,30,45,55,70,55,85,water,,0.8,34.5,1,0
121,Starmie,60,75,85,100,85,115,water,psychic,1.1,80,1,0
122,Mr. Mime,40,45,65,100,120,90,psychic,fairy,1.3,54.5,1,0
123,Scyther,70,110,80,55,80,105,bug,flying,1.5,56,1,0
124,Jynx,65,50,35,115,95,95,ice,psychic,1.4,40.6,1,0
125,Electabuzz,65,83,57,95,85,105,electric,,1.1,30,1,0
126,Magmar,65,95,57,100,85,93,fire,,1.3,44.5,1,0
127,Pinsir,65,155,120,65,90,105,bug,,1.5,55,1,0
128,Tauros,75,100,95,40,70,110,normal,,1.4,88.4,1,0
129,Magikarp,20,10,55,15,20,80,water,,0.9,10,1,0
130,Gyarados,95,155,109,70,130,81,water,flying,6.5,235,1,0
131,Lapras,130,85,80,85,95,60,water,ice,2.5,220,1,0
132,Ditto,48,48,48,48,48,48,normal,,0.3,4,1,0
133,Eevee,55,55,50,45,65,55,normal,,0.3,6.5,1,0
134,Vaporeon,130,65,60,110,95,65,water,,1,29,1,0
135,Jolteon,65,65,60,110,95,130,electric,,0.8,24.5,1,0
136,Flareon,65,130,60,95,110,65,fire,,0.9,25,1,0
137,Porygon,65,60,70,85,75,40,normal,,0.8,36.5,1,0
138,Omanyte,35,40,100,90,55,35,rock,water,0.4,7.5,1,0
139,Omastar,70,60,125,115,70,55,rock,water,1,35,1,0
140,Kabuto,30,80,90,55,45,55,rock,water,0.5,11.5,1,0
141,Kabutops,60,115,105,65,70,80,rock,water,1.3,40.5,1,0
142,Aerodactyl,80,135,85,70,95,150,rock,flying,1.8,59,1,0
143,Snorlax,160,110,65,65,110,30,normal,,2.1,460,1,0
144,Articuno,90,85,100,95,125,85,ice,flying,1.7,55.4,1,1
145,Zapdos,90,90,85,125,90,100,electric,flying,1.6,52.6,1,1
146,Moltres,90,100,90,125,85,90,fire,flying,2,60,1,1
147,Dratini,41,64,45,50,50,50,dragon,,1.8,3.3,1,0
148,Dragonair,61,84,65,70,70,70,dragon,,4,16.5,1,0
149,Dragonite,91,134,95,100,100,80,dragon,flying,2.2,210,1,0
150,Mewtwo,106,150,70,194,120,140,psychic,,2,122,1,1
151,Mew,100,100,100,100,100,100,psychic,,0.4,4,1,1
152,Chikorita,45,49,65,49,65,45,grass,,0.9,6.4,2,0
153,Bayleef,60,62,80,63,80,60,grass,,1.2,15.8,2,0
154,Meganium,80,82,100,83,100,80,grass,,1.8,100.5,2,0
155,Cyndaquil,39,52,43,60,50,65,fire,,0.5,7.9,2,0
156,Quilava,58,64,58,80,65,80,fire,,0.9,19,2,0
157,Typhlosion,78,84,78,109,85,100,fire,,1.7,79.5,2,0
158,Totodile,50,65,64,44,48,43,water,,0.6,9.5,2,0
159,Croconaw,65,80,80,59,63,58,water,,1.1,25,2,0
160,Feraligatr,85,105,100,79,83,78,water,,2.3,88.8,2,0
161,Sentret,35,46,34,35,45,20,normal,,0.8,6,2,0
162,Furret,85,76,64,45,55,90,normal,,1.8,32.5,2,0
163,Hoothoot,60,30,30,36,56,50,normal,flying,0.7,21.2,2,0
164,Noctowl,100,50,50,86,96,70,normal,flying,1.6,40.8,2,0
165,Ledyba,40,20,30,40,80,55,bug,flying,1,10.8,2,0
166,Ledian,55,35,50,55,110,85,bug,flying,1.4,35.6,2,0
167,Spinarak,40,60,40,40,40,30,bug,poison,0.5,8.5,2,0
168,Ariados,70,90,70,60,70,40,bug,poison,1.1,33.5,2,0
169,Crobat,85,90,80,70,80,130,poison,flying,1.8,75,2,0
170,Chinchou,75,38,38,56,56,67,water,electric,0.5,12,2,0
171,Lanturn,125,58,58,76,76,67,water,electric,1.2,22.5,2,0
172,Pichu,20,40,15,35,35,60,electric,,0.3,2,2,0
173,Cleffa,50,25,28,45,55,15,fairy,,0.3,3,2,0
174,Igglybuff,90,30,15,40,20,15,normal,fairy,0.3,1,2,0
175,Togepi,35,20,65,40,65,20,fairy,,0.3,1.5,2,0
176,Togetic,55,40,85,80,105,40,fairy,flying,0.6,3.2,2,0
177,Natu,40,50,45,70,45,70,psychic,flying,0.2,2,2,0
178,Xatu,65,75,70,95,70,95,psychic,flying,1.5,15,2,0
179,Mareep,55,40,40,65,45,35,electric,,0.6,7.8,2,0
180,Flaaffy,70,55,55,80,60,45,electric,,0.8,13.3,2,0
181,Ampharos,90,95,105,165,110,45,electric,,1.4,61.5,2,0
182,Bellossom,75,80,95,90,100,50,grass,,0.4,5.8,2,0
183,Marill,70,20,50,20,50,40,water,fairy,0.4,8.5,2,0
184,Azumarill,100,50,80,60,80,50,water,fairy,0.8,28.5,2,0
185,Sudowoodo,70,100,115,30,65,30,rock,,1.2,38,2,0
186,Politoed,90,75,75,90,100,70,water,,1.1,33.9,2,0
187,Hoppip,35,35,40,35,55,50,grass,flying,0.4,0.5,2,0
188,Skiploom,55,45,50,45,65,80,grass,flying,0.6,1,2,0
189,Jumpluff,75,55,70,55,95,110,grass,flying,0.8,3,2,0
190,Aipom,55,70,55,40,55,85,normal,,0.8,11.5,2,0
191,Sunkern,30,30,30,30,30,30,grass,,0.3,1.8,2,0
192,Sunflora,75,75,55,105,85,30,grass,,0.8,8.5,2,0
193,Yanma,65,65,45,75,45,95,bug,flying,1.2,38,2,0
194,Wooper,55,45,45,25,25,15,water,ground,0.4,8.5,2,0
195,Quagsire,95,85,85,65,65,35,water,ground,1.4,75,2,0
196,Espeon,65,65,60,130,95,110,psychic,,0.9,26.5,2,0
197,Umbreon,95,65,110,60,130,65,dark,,1,27,2,0
198,Murkrow,60,85,42,85,42,91,dark,flying,0.5,2.1,2,0
199,Slowking,95,75,80,100,110,30,water,psychic,2,79.5,2,0
200,Misdreavus,60,60,60,85,85,85,ghost,,0.7,1,2,0
201,Unown,48,72,48,72,48,48,psychic,,0.5,5,2,0
202,Wobbuffet,190,33,58,33,58,33,psychic,,1.3,28.5,2,0
203,Girafarig,70,80,65,90,65,85,normal,psychic,1.5,41.5,2,0
204,Pineco,50,65,90,35,35,15,bug,,0.6,7.2,2,0
205,Forretress,75,90,140,60,60,40,bug,steel,1.2,125.8,2,0
206,Dunsparce,100,70,70,65,65,45,normal,,1.5,14,2,0
207,Gligar,65,75,105,35,65,85,ground,flying,1.1,64.8,2,0
208,Steelix,75,125,230,55,95,30,steel,ground,9.2,400,2,0
209,Snubbull,60,80,50,40,40,30,fairy,,0.6,7.8,2,0
210,Granbull,90,120,75,60,60,45,fairy,,1.4,48.7,2,0
211,Qwilfish,65,95,85,55,55,85,water,poison,0.5,3.9,2,0
212,Scizor,70,150,140,65,100,75,bug,steel,1.8,118,2,0
213,Shuckle,20,10,230,10,230,5,bug,rock,0.6,20.5,2,0
214,Heracross,80,185,115,40,105,75,bug,fighting,1.5,54,2,0
215,Sneasel,55,95,55,35,75,115,dark,ice,0.9,28,2,0
216,Teddiursa,60,80,50,50,50,40,normal,,0.6,8.8,2,0
217,Ursaring,90,130,75,75,75,55,normal,,1.8,125.8,2,0
218,Slugma,40,40,40,70,40,20,fire,,0.7,35,2,0
219,Magcargo,60,50,120,90,80,30,fire,rock,0.8,55,2,0
220,Swinub,50,50,40,30,30,50,ice,ground,0.4,6.5,2,0
221,Piloswine,100,100,80,60,60,50,ice,ground,1.1,55.8,2,0
222,Corsola,65,55,95,65,95,35,water,rock,0.6,5,2,0
223,Remoraid,35,65,35,65,35,65,water,,0.6,12,2,0
224,Octillery,75,105,75,105,75,45,water,,0.9,28.5,2,0
225,Delibird,45,55,45,65,45,75,ice,flying,0.9,16,2,0
226,Mantine,85,40,70,80,140,70,water,flying,2.1,220,2,0
227,Skarmory,65,80,140,40,70,70,steel,flying,1.7,50.5,2,0
228,Houndour,45,60,30,80,50,65,dark,fire,0.6,10.8,2,0
229,Houndoom,75,90,90,140,90,115,dark,fire,1.4,35,2,0
230,Kingdra,75,95,95,95,95,85,water,dragon,1.8,152,2,0
231,Phanpy,90,60,60,40,40,40,ground,,0.5,33.5,2,0
232,Donphan,90,120,120,60,60,50,ground,,1.1,120,2,0
233,Porygon2,85,80,90,105,95,60,normal,,0.6,32.5,2,0
234,Stantler,73,95,62,85,65,85,normal,,1.4,71.2,2,0
235,Smeargle,55,20,35,20,45,75,normal,,1.2,58,2,0
236,Tyrogue,35,35,35,35,35,35,fighting,,0.7,21,2,0
237,Hitmontop,50,95,95,35,110,70,fighting,,1.4,48,2,0
238,Smoochum,45,30,15,85,65,65,ice,psychic,0.4,6,2,0
239,Elekid,45,63,37,65,55,95,electric,,0.6,23.5,2,0
240,Magby,45,75,37,70,55,83,fire,,0.7,21.4,2,0
241,Miltank,95,80,105,40,70,100,normal,,1.2,75.5,2,0
242,Blissey,255,10,10,75,135,55,normal,,1.5,46.8,2,0
243,Raikou,90,85,75,115,100,115,electric,,1.9,178,2,1
244,Entei,115,115,85,90,75,100,fire,,2.1,198,2,1
245,Suicune,100,75,115,90,115,85,water,,2,187,2,1
246,Larvitar,50,64,50,45,50,41,rock,ground,0.6,72,2,0
247,Pupitar,70,84,70,65,70,51,rock,ground,1.2,152,2,0
248,Tyranitar,100,164,150,95,120,71,rock,dark,2,202,2,0
249,Lugia,106,90,130,90,154,110,psychic,flying,5.2,216,2,1
250,Ho-Oh,106,130,90,110,154,90,fire,flying,3.8,199,2,1
251,Celebi,100,100,100,100,100,100,psychic,grass,0.6,5,2,1
252,Treecko,40,45,35,65,55,70,grass,,0.5,5,3,0
253,Grovyle,50,65,45,85,65,95,grass,,0.9,21.6,3,0
254,Sceptile,70,110,75,145,85,145,grass,,1.7,52.2,3,0
255,Torchic,45,60,40,70,50,45,fire,,0.4,2.5,3,0
256,Combusken,60,85,60,85,60,55,fire,fighting,0.9,19.5,3,0
257,Blaziken,80,160,80,130,80,100,fire,fighting,1.9,52,3,0
258,Mudkip,50,70,50,50,50,40,water,,0.4,7.6,3,0
259,Marshtomp,70,85,70,60,70,50,water,ground,0.7,28,3,0
260,Swampert,100,150,110,95,110,70,water,ground,1.5,81.9,3,0
261,Poochyena,35,55,35,30,30,35,dark,,0.5,13.6,3,0
262,Mightyena,70,90,70,60,60,70,dark,,1,37,3,0
263,Zigzagoon,38,30,41,30,41,60,normal,,0.4,17.5,3,0
264,Linoone,78,70,61,50,61,100,normal,,0.5,32.5,3,0
265,Wurmple,45,45,35,20,30,20,bug,,0.3,3.6,3,0
266,Silcoon,50,35,55,25,25,15,bug,,0.6,10,3,0
267,Beautifly,60,70,50,100,50,65,bug,flying,1,28.4,3,0
268,Cascoon,50,35,55,25,25,15,bug,,0.7,11.5,3,0
269,Dustox,60,50,70,50,90,65,bug,poison,1.2,31.6,3,0
270,Lotad,40,30,30,40,50,30,water,grass,0.5,2.6,3,0
271,Lombre,60,50,50,60,70,50,water,grass,1.2,32.5,3,0
272,Ludicolo,80,70,70,90,100,70,water,grass,1.5,55,3,0
273,Seedot,40,40,50,30,30,30,grass,,0.5,4,3,0
274,Nuzleaf,70,70,40,60,40,60,grass,dark,1,28,3,0
275,Shiftry,90,100,60,90,60,80,grass,dark,1.3,59.6,3,0
276,Taillow,40,55,30,30,30,85,normal,flying,0.3,2.3,3,0
277,Swellow,60,85,60,75,50,125,normal,flying,0.7,19.8,3,0
278,Wingull,40,30,30,55,30,85,water,flying,0.6,9.5,3,0
279,Pelipper,60,50,100,95,70,65,water,flying,1.2,28,3,0
280,Ralts,28,25,25,45,35,40,psychic,fairy,0.4,6.6,3,0
281,Kirlia,38,35,35,65,55,50,psychic,fairy,0.8,20.2,3,0
282,Gardevoir,68,85,65,165,135,100,psychic,fairy,1.6,48.4,3,0
283,Surskit,40,30,32,50,52,65,bug,water,0.5,1.7,3,0
284,Masquerain,70,60,62,100,82,80,bug,flying,0.8,3.6,3,0
285,Shroomish,60,40,60,40,60,35,grass,,0.4,4.5,3,0
286,Breloom,60,130,80,60,60,70,grass,fighting,1.2,39.2,3,0
287,Slakoth,60,60,60,35,35,30,normal,,0.8,24,3,0
288,Vigoroth,80,80,80,55,55,90,normal,,1.4,46.5,3,0
289,Slaking,150,160,100,95,65,100,normal,,2,130.5,3,0
290,Nincada,31,45,90,30,30,40,bug,ground,0.5,5.5,3,0
291,Ninjask,61,90,45,50,50,160,bug,flying,0.8,12,3,0
292,Shedinja,1,90,45,30,30,40,bug,ghost,0.8,1.2,3,0
293,Whismur,64,51,23,51,23,28,normal,,0.6,16.3,3,0
294,Loudred,84,71,43,71,43,48,normal,,1,40.5,3,0
295,Exploud,104,91,63,91,73,68,normal,,1.5,84,3,0
296,Makuhita,72,60,30,20,30,25,fighting,,1,86.4,3,0
297,Hariyama,144,120,60,40,60,50,fighting,,2.3,253.8,3,0
298,Azurill,50,20,40,20,40,20,normal,fairy,0.2,2,3,0
299,Nosepass,30,45,135,45,90,30,rock,,1,97,3,0
300,Skitty,50,45,45,35,35,50,normal,,0.6,11,3,0
301,Delcatty,70,65,65,55,55,90,normal,,1.1,32.6,3,0
302,Sableye,50,85,125,85,115,20,dark,ghost,0.5,11,3,0
303,Mawile,50,105,125,55,95,50,steel,fairy,0.6,11.5,3,0
304,Aron,50,70,100,40,40,30,steel,rock,0.4,60,3,0
305,Lairon,60,90,140,50,50,40,steel,rock,0.9,120,3,0
306,Aggron,70,140,230,60,80,50,steel,rock,2.1,360,3,0
307,Meditite,30,40,55,40,55,60,fighting,psychic,0.6,11.2,3,0
308,Medicham,60,100,85,80,85,100,fighting,psychic,1.3,31.5,3,0
309,Electrike,40,45,40,65,40,65,electric,,0.6,15.2,3,0
310,Manectric,70,75,80,135,80,135,electric,,1.5,40.2,3,0
311,Plusle,60,50,40,85,75,95,electric,,0.4,4.2,3,0
312,Minun,60,40,50,75,85,95,electric,,0.4,4.2,3,0
313,Volbeat,65,73,75,47,85,85,bug,,0.7,17.7,3,0
314,Illumise,65,47,75,73,85,85,bug,,0.6,17.7,3,0
315,Roselia,50,60,45,100,80,65,grass,poison,0.3,2,3,0
316,Gulpin,70,43,53,43,53,40,poison,,0.4,10.3,3,0
317,Swalot,100,73,83,73,83,55,poison,,1.7,80,3,0
318,Carvanha,45,90,20,65,20,65,water,dark,0.8,20.8,3,0
319,Sharpedo,70,140,70,110,65,105,water,dark,1.8,88.8,3,0
320,Wailmer,130,70,35,70,35,60,water,,2,130,3,0
321,Wailord,170,90,45,90,45,60,water,,14.5,398,3,0
322,Numel,60,60,40,65,45,35,fire,ground,0.7,24,3,0
323,Camerupt,70,120,100,145,105,20,fire,ground,1.9,220,3,0
324,Torkoal,70,85,140,85,70,20,fire,,0.5,80.4,3,0
325,Spoink,60,25,35,70,80,60,psychic,,0.7,30.6,3,0
326,Grumpig,80,45,65,90,110,80,psychic,,0.9,71.5,3,0
327,Spinda,60,60,60,60,60,60,normal,,1.1,5,3,0
328,Trapinch,45,100,45,45,45,10,ground,,0.7,15,3,0
329,Vibrava,50,70,50,50,50,70,ground,dragon,1.1,15.3,3,0
330,Flygon,80,100,80,80,80,100,ground,dragon,2,82,3,0
331,Cacnea,50,85,40,85,40,35,grass,,0.4,51.3,3,0
332,Cacturne,70,115,60,115,60,55,grass,dark,1.3,77.4,3,0
333,Swablu,45,40,60,40,75,50,normal,flying,0.4,1.2,3,0
334,Altaria,75,110,110,110,105,80,dragon,flying,1.1,20.6,3,0
335,Zangoose,73,115,60,60,60,90,normal,,1.3,40.3,3,0
336,Seviper,73,100,60,100,60,65,poison,,2.7,52.5,3,0
337,Lunatone,90,55,65,95,85,70,rock,psychic,1,168,3,0
338,Solrock,90,95,85,55,65,70,rock,psychic,1.2,154,3,0
339,Barboach,50,48,43,46,41,60,water,ground,0.4,1.9,3,0
340,Whiscash,110,78,73,76,71,60,water,ground,0.9,23.6,3,0
341,Corphish,43,80,65,50,35,35,water,,0.6,11.5,3,0
342,Crawdaunt,63,120,85,90,55,55,water,dark,1.1,32.8,3,0
343,Baltoy,40,40,55,40,70,55,ground,psychic,0.5,21.5,3,0
344,Claydol,60,70,105,70,120,75,ground,psychic,1.5,108,3,0
345,Lileep,66,41,77,61,87,23,rock,grass,1,23.8,3,0
346,Cradily,86,81,97,81,107,43,rock,grass,1.5,60.4,3,0
347,Anorith,45,95,50,40,50,75,rock,bug,0.7,12.5,3,0
348,Armaldo,75,125,100,70,80,45,rock,bug,1.5,68.2,3,0
349,Feebas,20,15,20,10,55,80,water,,0.6,7.4,3,0
350,Milotic,95,60,79,100,125,81,water,,6.2,162,3,0
351,Castform,70,70,70,70,70,70,normal,,0.3,0.8,3,0
352,Kecleon,60,90,70,60,120,40,normal,,1,22,3,0
353,Shuppet,44,75,35,63,33,45,ghost,,0.6,2.3,3,0
354,Banette,64,165,75,93,83,75,ghost,,1.1,12.5,3,0
355,Duskull,20,40,90,30,90,25,ghost,,0.8,15,3,0
356,Dusclops,40,70,130,60,130,25,ghost,,1.6,30.6,3,0
357,Tropius,99,68,83,72,87,51,grass,flying,2,100,3,0
358,Chimecho,75,50,80,95,90,65,psychic,,0.6,1,3,0
359,Absol,65,150,60,115,60,115,dark,,1.2,47,3,0
360,Wynaut,95,23,48,23,48,23,psychic,,0.6,14,3,0
361,Snorunt,50,50,50,50,50,50,ice,,0.7,16.8,3,0
362,Glalie,80,120,80,120,80,100,ice,,1.5,256.5,3,0
363,Spheal,70,40,50,55,50,25,ice,water,0.8,39.5,3,0
364,Sealeo,90,60,70,75,70,45,ice,water,1.1,87.6,3,0
365,Walrein,110,80,90,95,90,65,ice,water,1.4,150.6,3,0
366,Clamperl,35,64,85,74,55,32,water,,0.4,52.5,3,0
367,Huntail,55,104,105,94,75,52,water,,1.7,27,3,0
368,Gorebyss,55,84,105,114,75,52,water,,1.8,22.6,3,0
369,Relicanth,100,90,130,45,65,55,water,rock,1,23.4,3,0
370,Luvdisc,43,30,55,40,65,97,water,,0.6,8.7,3,0
371,Bagon,45,75,60,40,30,50,dragon,,0.6,42.1,3,0
372,Shelgon,65,95,100,60,50,50,dragon,,1.1,110.5,3,0
373,Salamence,95,145,130,120,90,120,dragon,flying,1.5,102.6,3,0
374,Beldum,40,55,80,35,60,30,steel,psychic,0.6,95.2,3,0
375,Metang,60,75,100,55,80,50,steel,psychic,1.2,202.5,3,0
376,Metagross,80,145,150,105,110,110,steel,psychic,1.6,550,3,0
377,Regirock,80,100,200,50,100,50,rock,,1.7,230,3,1
378,Regice,80,50,100,100,200,50,ice,,1.8,175,3,1
379,Registeel,80,75,150,75,150,50,steel,,1.9,205,3,1
380,Latias,80,100,120,140,150,110,dragon,psychic,1.4,40,3,1
381,Latios,80,130,100,160,120,110,dragon,psychic,2,60,3,1
382,Kyogre,100,150,90,180,160,90,water,,4.5,352,3,1
383,Groudon,100,180,160,150,90,90,ground,,3.5,950,3,1
384,Rayquaza,105,180,100,180,100,115,dragon,flying,7,206.5,3,1
385,Jirachi,100,100,100,100,100,100,steel,psychic,0.3,1.1,3,1
386,Deoxys,50,95,90,95,90,180,psychic,,1.7,60.8,3,1
387,Turtwig,55,68,64,45,55,31,grass,,0.4,10.2,4,0
388,Grotle,75,89,85,55,65,36,grass,,1.1,97,4,0
389,Torterra,95,109,105,75,85,56,grass,ground,2.2,310,4,0
390,Chimchar,44,58,44,58,44,61,fire,,0.5,6.2,4,0
391,Monferno,64,78,52,78,52,81,fire,fighting,0.9,22,4,0
392,Infernape,76,104,71,104,71,108,fire,fighting,1.2,55,4,0
393,Piplup,53,51,53,61,56,40,water,,0.4,5.2,4,0
394,Prinplup,64,66,68,81,76,50,water,,0.8,23,4,0
395,Empoleon,84,86,88,111,101,60,water,steel,1.7,84.5,4,0
396,Starly,40,55,30,30,30,60,normal,flying,0.3,2,4,0
397,Staravia,55,75,50,40,40,80,normal,flying,0.6,15.5,4,0
398,Staraptor,85,120,70,50,60,100,normal,flying,1.2,24.9,4,0
399,Bidoof,59,45,40,35,40,31,normal,,0.5,20,4,0
400,Bibarel,79,85,60,55,60,71,normal,water,1,31.5,4,0
401,Kricketot,37,25,41,25,41,25,bug,,0.3,2.2,4,0
402,Kricketune,77,85,51,55,51,65,bug,,1,25.5,4,0
403,Shinx,45,65,34,40,34,45,electric,,0.5,9.5,4,0
404,Luxio,60,85,49,60,49,60,electric,,0.9,30.5,4,0
405,Luxray,80,120,79,95,79,70,electric,,1.4,42,4,0
406,Budew,40,30,35,50,70,55,grass,poison,0.2,1.2,4,0
407,Roserade,60,70,65,125,105,90,grass,poison,0.9,14.5,4,0
408,Cranidos,67,125,40,30,30,58,rock,,0.9,31.5,4,0
409,Rampardos,97,165,60,65,50,58,rock,,1.6,102.5,4,0
410,Shieldon,30,42,118,42,88,30,rock,steel,0.5,57,4,0
411,Bastiodon,60,52,168,47,138,30,rock,steel,1.3,149.5,4,0
412,Burmy,40,29,45,29,45,36,bug,,0.2,3.4,4,0
413,Wormadam,60,69,95,69,95,36,bug,grass,0.5,6.5,4,0
414,Mothim,70,94,50,94,50,66,bug,flying,0.9,23.3,4,0
415,Combee,30,30,42,30,42,70,bug,flying,0.3,5.5,4,0
416,Vespiquen,70,80,102,80,102,40,bug,flying,1.2,38.5,4,0
417,Pachirisu,60,45,70,45,90,95,electric,,0.4,3.9,4,0
418,Buizel,55,65,35,60,30,85,water,,0.7,29.5,4,0
419,Floatzel,85,105,55,85,50,115,water,,1.1,33.5,4,0
420,Cherubi,45,35,45,62,53,35,grass,,0.4,3.3,4,0
421,Cherrim,70,60,70,87,78,85,grass,,0.5,9.3,4,0
422,Shellos,76,48,48,57,62,34,water,,0.3,6.3,4,0
423,Gastrodon,111,83,68,92,82,39,water,ground,0.9,29.9,4,0
424,Ambipom,75,100,66,60,66,115,normal,,1.2,20.3,4,0
425,Drifloon,90,50,34,60,44,70,ghost,flying,0.4,1.2,4,0
426,Drifblim,150,80,44,90,54,80,ghost,flying,1.2,15,4,0
427,Buneary,55,66,44,44,56,85,normal,,0.4,5.5,4,0
428,Lopunny,65,136,94,54,96,135,normal,,1.2,33.3,4,0
429,Mismagius,60,60,60,105,105,105,ghost,,0.9,4.4,4,0
430,Honchkrow,100,125,52,105,52,71,dark,flying,0.9,27.3,4,0
431,Glameow,49,55,42,42,37,85,normal,,0.5,3.9,4,0
432,Purugly,71,82,64,64,59,112,normal,,1,43.8,4,0
433,Chingling,45,30,50,65,50,45,psychic,,0.2,0.6,4,0
434,Stunky,63,63,47,41,41,74,poison,dark,0.4,19.2,4,0
435,Skuntank,103,93,67,71,61,84,poison,dark,1,38,4,0
436,Bronzor,57,24,86,24,86,23,steel,psychic,0.5,60.5,4,0
437,Bronzong,67,89,116,79,116,33,steel,psychic,1.3,187,4,0
438,Bonsly,50,80,95,10,45,10,rock,,0.5,15,4,0
439,Mime Jr.,20,25,45,70,90,60,psychic,fairy,0.6,13,4,0
440,Happiny,100,5,5,15,65,30,normal,,0.6,24.4,4,0
441,Chatot,76,65,45,92,42,91,normal,flying,0.5,1.9,4,0
442,Spiritomb,50,92,108,92,108,35,ghost,dark,1,108,4,0
443,Gible,58,70,45,40,45,42,dragon,ground,0.7,20.5,4,0
444,Gabite,68,90,65,50,55,82,dragon,ground,1.4,56,4,0
445,Garchomp,108,170,115,120,95,92,dragon,ground,1.9,95,4,0
446,Munchlax,135,85,40,40,85,5,normal,,0.6,105,4,0
447,Riolu,40,70,40,35,40,60,fighting,,0.7,20.2,4,0
448,Lucario,70,145,88,140,70,112,fighting,steel,1.2,54,4,0
449,Hippopotas,68,72,78,38,42,32,ground,,0.8,49.5,4,0
450,Hippowdon,108,112,118,68,72,47,ground,,2,300,4,0
451,Skorupi,40,50,90,30,55,65,poison,bug,0.8,12,4,0
452,Drapion,70,90,110,60,75,95,poison,dark,1.3,61.5,4,0
453,Croagunk,48,61,40,61,40,50,poison,fighting,0.7,23,4,0
454,Toxicroak,83,106,65,86,65,85,poison,fighting,1.3,44.4,4,0
455,Carnivine,74,100,72,90,72,46,grass,,1.4,27,4,0
456,Finneon,49,49,56,49,61,66,water,,0.4,7,4,0
457,Lumineon,69,69,76,69,86,91,water,,1.2,24,4,0
458,Mantyke,45,20,50,60,120,50,water,flying,1,65,4,0
459,Snover,60,62,50,62,60,40,grass,ice,1,50.5,4,0
460,Abomasnow,90,132,105,132,105,30,grass,ice,2.2,135.5,4,0
461,Weavile,70,120,65,45,85,125,dark,ice,1.1,34,4,0
462,Magnezone,70,70,115,130,90,60,electric,steel,1.2,180,4,0
463,Lickilicky,110,85,95,80,95,50,normal,,1.7,140,4,0
464,Rhyperior,115,140,130,55,55,40,ground,rock,2.4,282.8,4,0
465,Tangrowth,100,100,125,110,50,50,grass,,2,128.6,4,0
466,Electivire,75,123,67,95,85,95,electric,,1.8,138.6,4,0
467,Magmortar,75,95,67,125,95,83,fire,,1.6,68,4,0
468,Togekiss,85,50,95,120,115,80,fairy,flying,1.5,38,4,0
469,Yanmega,86,76,86,116,56,95,bug,flying,1.9,51.5,4,0
470,Leafeon,65,110,130,60,65,95,grass,,1,25.5,4,0
471,Glaceon,65,60,110,130,95,65,ice,,0.8,25.9,4,0
472,Gliscor,75,95,125,45,75,95,ground,flying,2,42.5,4,0
473,Mamoswine,110,130,80,70,60,80,ice,ground,2.5,291,4,0
474,Porygon-Z,85,80,70,135,75,90,normal,,0.9,34,4,0
475,Gallade,68,165,95,65,115,110,psychic,fighting,1.6,52,4,0
476,Probopass,60,55,145,75,150,40,rock,steel,1.4,340,4,0
477,Dusknoir,45,100,135,65,135,45,ghost,,2.2,106.6,4,0
478,Froslass,70,80,70,80,70,110,ice,ghost,1.3,26.6,4,0
479,Rotom,50,65,107,105,107,86,electric,ghost,0.3,0.3,4,0
480,Uxie,75,75,130,75,130,95,psychic,,0.3,0.3,4,1
481,Mesprit,80,105,105,105,105,80,psychic,,0.3,0.3,4,1
482,Azelf,75,125,70,125,70,115,psychic,,0.3,0.3,4,1
483,Dialga,100,120,120,150,100,90,steel,dragon,5.4,683,4,1
484,Palkia,90,120,100,150,120,100,water,dragon,4.2,336,4,1
485,Heatran,91,90,106,130,106,77,fire,steel,1.7,430,4,1
486,Regigigas,110,160,110,80,110,100,normal,,3.7,420,4,1
487,Giratina,150,120,100,120,100,90,ghost,dragon,4.5,750,4,1
488,Cresselia,120,70,120,75,130,85,psychic,,1.5,85.6,4,1
489,Phione,80,80,80,80,80,80,water,,0.4,3.1,4,0
490,Manaphy,100,100,100,100,100,100,water,,0.3,1.4,4,1
491,Darkrai,70,90,90,135,90,125,dark,,1.5,50.5,4,1
492,Shaymin,100,103,75,120,75,127,grass,grass,0.2,2.1,4,1
493,Arceus,120,120,120,120,120,120,normal,,3.2,320,4,1
494,Victini,100,100,100,100,100,100,psychic,fire,0.4,4,5,1
495,Snivy,45,45,55,45,55,63,grass,,0.6,8.1,5,0
496,Servine,60,60,75,60,75,83,grass,,0.8,16,5,0
497,Serperior,75,75,95,75,95,113,grass,,3.3,63,5,0
498,Tepig,65,63,45,45,45,45,fire,,0.5,9.9,5,0
499,Pignite,90,93,55,70,55,55,fire,fighting,1,55.5,5,0
500,Emboar,110,123,65,100,65,65,fire,fighting,1.6,150,5,0
501,Oshawott,55,55,45,63,45,45,water,,0.5,5.9,5,0
502,Dewott,75,75,60,83,60,60,water,,0.8,24.5,5,0
503,Samurott,95,100,85,108,70,70,water,,1.5,94.6,5,0
504,Patrat,45,55,39,35,39,42,normal,,0.5,11.6,5,0
505,Watchog,60,85,69,60,69,77,normal,,1.1,27,5,0
506,Lillipup,45,60,45,25,45,55,normal,,0.4,4.1,5,0
507,Herdier,65,80,65,35,65,60,normal,,0.9,14.7,5,0
508,Stoutland,85,110,90,45,90,80,normal,,1.2,61,5,0
509,Purrloin,41,50,37,50,37,66,dark,,0.4,10.1,5,0
510,Liepard,64,88,50,88,50,106,dark,,1.1,37.5,5,0
511,Pansage,50,53,48,53,48,64,grass,,0.6,10.5,5,0
512,Simisage,75,98,63,98,63,101,grass,,1.1,30.5,5,0
513,Pansear,50,53,48,53,48,64,fire,,0.6,11,5,0
514,Simisear,75,98,63,98,63,101,fire,,1,28,5,0
515,Panpour,50,53,48,53,48,64,water,,0.6,13.5,5,0
516,Simipour,75,98,63,98,63,101,water,,1,29,5,0
517,Munna,76,25,45,67,55,24,psychic,,0.6,23.3,5,0
518,Musharna,116,55,85,107,95,29,psychic,,1.1,60.5,5,0
519,Pidove,50,55,50,36,30,43,normal,flying,0.3,2.1,5,0
520,Tranquill,62,77,62,50,42,65,normal,flying,0.6,15,5,0
521,Unfezant,80,115,80,65,55,93,normal,flying,1.2,29,5,0
522,Blitzle,45,60,32,50,32,76,electric,,0.8,29.8,5,0
523,Zebstrika,75,100,63,80,63,116,electric,,1.6,79.5,5,0
524,Roggenrola,55,75,85,25,25,15,rock,,0.4,18,5,0
525,Boldore,70,105,105,50,40,20,rock,,0.9,102,5,0
526,Gigalith,85,135,130,60,80,25,rock,,1.7,260,5,0
527,Woobat,65,45,43,55,43,72,psychic,flying,0.4,2.1,5,0
528,Swoobat,67,57,55,77,55,114,psychic,flying,0.9,10.5,5,0
529,Drilbur,60,85,40,30,45,68,ground,,0.3,8.5,5,0
530,Excadrill,110,135,60,50,65,88,ground,steel,0.7,40.4,5,0
531,Audino,103,60,126,80,126,50,normal,,1.1,31,5,0
532,Timburr,75,80,55,25,35,35,fighting,,0.6,12.5,5,0
533,Gurdurr,85,105,85,40,50,40,fighting,,1.2,40,5,0
534,Conkeldurr,105,140,95,55,65,45,fighting,,1.4,87,5,0
535,Tympole,50,50,40,50,40,64,water,,0.5,4.5,5,0
536,Palpitoad,75,65,55,65,55,69,water,ground,0.8,17,5,0
537,Seismitoad,105,95,75,85,75,74,water,ground,1.5,62,5,0
538,Throh,120,100,85,30,85,45,fighting,,1.3,55.5,5,0
539,Sawk,75,125,75,30,75,85,fighting,,1.4,51,5,0
540,Sewaddle,45,53,70,40,60,42,bug,grass,0.3,2.5,5,0
541,Swadloon,55,63,90,50,80,42,bug,grass,0.5,7.3,5,0
542,Leavanny,75,103,80,70,80,92,bug,grass,1.2,20.5,5,0
543,Venipede,30,45,59,30,39,57,bug,poison,0.4,5.3,5,0
544,Whirlipede,40,55,99,40,79,47,bug,poison,1.2,58.5,5,0
545,Scolipede,60,100,89,55,69,112,bug,poison,2.5,200.5,5,0
546,Cottonee,40,27,60,37,50,66,grass,fairy,0.3,0.6,5,0
547,Whimsicott,60,67,85,77,75,116,grass,fairy,0.7,6.6,5,0
548,Petilil,45,35,50,70,50,30,grass,,0.5,6.6,5,0
549,Lilligant,70,60,75,110,75,90,grass,,1.1,16.3,5,0
550,Basculin,70,92,65,80,55,98,water,,1,18,5,0
551,Sandile,50,72,35,35,35,65,ground,dark,0.7,15.2,5,0
552,Krokorok,60,82,45,45,45,74,ground,dark,1,33.4,5,0
553,Krookodile,95,117,80,65,70,92,ground,dark,1.5,96.3,5,0
554,Darumaka,70,90,45,15,45,50,fire,,0.6,37.5,5,0
555,Darmanitan,105,30,105,140,105,55,fire,fire,1.3,92.9,5,0
556,Maractus,75,86,67,106,67,60,grass,,1,28,5,0
557,Dwebble,50,65,85,35,35,55,bug,rock,0.3,14.5,5,0
558,Crustle,70,105,125,65,75,45,bug,rock,1.4,200,5,0
559,Scraggy,50,75,70,35,70,48,dark,fighting,0.6,11.8,5,0
560,Scrafty,65,90,115,45,115,58,dark,fighting,1.1,30,5,0
561,Sigilyph,72,58,80,103,80,97,psychic,flying,1.4,14,5,0
562,Yamask,38,30,85,55,65,30,ghost,,0.5,1.5,5,0
563,Cofagrigus,58,50,145,95,105,30,ghost,,1.7,76.5,5,0
564,Tirtouga,54,78,103,53,45,22,water,rock,0.7,16.5,5,0
565,Carracosta,74,108,133,83,65,32,water,rock,1.2,81,5,0
566,Archen,55,112,45,74,45,70,rock,flying,0.5,9.5,5,0
567,Archeops,75,140,65,112,65,110,rock,flying,1.4,32,5,0
568,Trubbish,50,50,62,40,62,65,poison,,0.6,31,5,0
569,Garbodor,80,95,82,60,82,75,poison,,1.9,107.3,5,0
570,Zorua,40,65,40,80,40,65,dark,,0.7,12.5,5,0
571,Zoroark,60,105,60,120,60,105,dark,,1.6,81.1,5,0
572,Minccino,55,50,40,40,40,75,normal,,0.4,5.8,5,0
573,Cinccino,75,95,60,65,60,115,normal,,0.5,7.5,5,0
574,Gothita,45,30,50,55,65,45,psychic,,0.4,5.8,5,0
575,Gothorita,60,45,70,75,85,55,psychic,,0.7,18,5,0
576,Gothitelle,70,55,95,95,110,65,psychic,,1.5,44,5,0
577,Solosis,45,30,40,105,50,20,psychic,,0.3,1,5,0
578,Duosion,65,40,50,125,60,30,psychic,,0.6,8,5,0
579,Reuniclus,110,65,75,125,85,30,psychic,,1,20.1,5,0
580,Ducklett,62,44,50,44,50,55,water,flying,0.5,5.5,5,0
581,Swanna,75,87,63,87,63,98,water,flying,1.3,24.2,5,0
582,Vanillite,36,50,50,65,60,44,ice,,0.4,5.7,5,0
583,Vanillish,51,65,65,80,75,59,ice,,1.1,41,5,0
584,Vanilluxe,71,95,85,110,95,79,ice,,1.3,57.5,5,0
585,Deerling,60,60,50,40,50,75,normal,grass,0.6,19.5,5,0
586,Sawsbuck,80,100,70,60,70,95,normal,grass,1.9,92.5,5,0
587,Emolga,55,75,60,75,60,103,electric,flying,0.4,5,5,0
588,Karrablast,50,75,45,40,45,60,bug,,0.5,5.9,5,0
589,Escavalier,70,135,105,60,105,20,bug,steel,1,33,5,0
590,Foongus,69,55,45,55,55,15,grass,poison,0.2,1,5,0
591,Amoonguss,114,85,70,85,80,30,grass,poison,0.6,10.5,5,0
592,Frillish,55,40,50,65,85,40,water,ghost,1.2,33,5,0
593,Jellicent,100,60,70,85,105,60,water,ghost,2.2,135,5,0
594,Alomomola,165,75,80,40,45,65,water,,1.2,31.6,5,0
595,Joltik,50,47,50,57,50,65,bug,electric,0.1,0.6,5,0
596,Galvantula,70,77,60,97,60,108,bug,electric,0.8,14.3,5,0
597,Ferroseed,44,50,91,24,86,10,grass,steel,0.6,18.8,5,0
598,Ferrothorn,74,94,131,54,116,20,grass,steel,1,110,5,0
599,Klink,40,55,70,45,60,30,steel,,0.3,21,5,0
600,Klang,60,80,95,70,85,50,steel,,0.6,51,5,0
601,Klinklang,60,100,115,70,85,90,steel,,0.6,81,5,0
602,Tynamo,35,55,40,45,40,60,electric,,0.2,0.3,5,0
603,Eelektrik,65,85,70,75,70,40,electric,,1.2,22,5,0
604,Eelektross,85,115,80,105,80,50,electric,,2.1,80.5,5,0
605,Elgyem,55,55,55,85,55,30,psychic,,0.5,9,5,0
606,Beheeyem,75,75,75,125,95,40,psychic,,1,34.5,5,0
607,Litwick,50,30,55,65,55,20,ghost,fire,0.3,3.1,5,0
608,Lampent,60,40,60,95,60,55,ghost,fire,0.6,13,5,0
609,Chandelure,60,55,90,145,90,80,ghost,fire,1,34.3,5,0
610,Axew,46,87,60,30,40,57,dragon,,0.6,18,5,0
611,Fraxure,66,117,70,40,50,67,dragon,,1,36,5,0
612,Haxorus,76,147,90,60,70,97,dragon,,1.8,105.5,5,0
613,Cubchoo,55,70,40,60,40,40,ice,,0.5,8.5,5,0
614,Beartic,95,130,80,70,80,50,ice,,2.6,260,5,0
615,Cryogonal,80,50,50,95,135,105,ice,,1.1,148,5,0
616,Shelmet,50,40,85,40,65,25,bug,,0.4,7.7,5,0
617,Accelgor,80,70,40,100,60,145,bug,,0.8,25.3,5,0
618,Stunfisk,109,66,84,81,99,32,ground,electric,0.7,11,5,0
619,Mienfoo,45,85,50,55,50,65,fighting,,0.9,20,5,0
620,Mienshao,65,125,60,95,60,105,fighting,,1.4,35.5,5,0
621,Druddigon,77,120,90,60,90,48,dragon,,1.6,139,5,0
622,Golett,59,74,50,35,50,35,ground,ghost,1,92,5,0
623,Golurk,89,124,80,55,80,55,ground,ghost,2.8,330,5,0
624,Pawniard,45,85,70,40,40,60,dark,steel,0.5,10.2,5,0
625,Bisharp,65,125,100,60,70,70,dark,steel,1.6,70,5,0
626,Bouffalant,95,110,95,40,95,55,normal,,1.6,94.6,5,0
627,Rufflet,70,83,50,37,50,60,normal,flying,0.5,10.5,5,0
628,Braviary,100,123,75,57,75,80,normal,flying,1.5,41,5,0
629,Vullaby,70,55,75,45,65,60,dark,flying,0.5,9,5,0
630,Mandibuzz,110,65,105,55,95,80,dark,flying,1.2,39.5,5,0
631,Heatmor,85,97,66,105,66,65,fire,,1.4,58,5,0
632,Durant,58,109,112,48,48,109,bug,steel,0.3,33,5,0
633,Deino,52,65,50,45,50,38,dark,dragon,0.8,17.3,5,0
634,Zweilous,72,85,70,65,70,58,dark,dragon,1.4,50,5,0
635,Hydreigon,92,105,90,125,90,98,dark,dragon,1.8,160,5,0
636,Larvesta,55,85,55,50,55,60,bug,fire,1.1,28.8,5,0
637,Volcarona,85,60,65,135,105,100,bug,fire,1.6,46,5,0
638,Cobalion,91,90,129,90,72,108,steel,fighting,2.1,250,5,1
639,Terrakion,91,129,90,72,90,108,rock,fighting,1.9,260,5,1
640,Virizion,91,90,72,90,129,108,grass,fighting,2,200,5,1
641,Tornadus,79,100,80,110,90,121,flying,,1.5,63,5,1
642,Thundurus,79,105,70,145,80,101,electric,flying,1.5,61,5,1
643,Reshiram,100,120,100,150,120,90,dragon,fire,3.2,330,5,1
644,Zekrom,100,150,120,120,100,90,dragon,electric,2.9,345,5,1
645,Landorus,89,145,90,105,80,91,ground,flying,1.5,68,5,1
646,Kyurem,125,120,90,170,100,95,dragon,ice,3,325,5,1
647,Keldeo,91,72,90,129,90,108,water,fighting,1.4,48.5,5,1
648,Meloetta,100,128,90,77,77,128,normal,psychic,0.6,6.5,5,1
649,Genesect,71,120,95,120,95,99,bug,steel,1.5,82.5,5,1
650,Chespin,56,61,65,48,45,38,grass,,0.4,9,6,0
651,Quilladin,61,78,95,56,58,57,grass,,0.7,29,6,0
652,Chesnaught,88,107,122,74,75,64,grass,fighting,1.6,90,6,0
653,Fennekin,40,45,40,62,60,60,fire,,0.4,9.4,6,0
654,Braixen,59,59,58,90,70,73,fire,,1,14.5,6,0
655,Delphox,75,69,72,114,100,104,fire,psychic,1.5,39,6,0
656,Froakie,41,56,40,62,44,71,water,,0.3,7,6,0
657,Frogadier,54,63,52,83,56,97,water,,0.6,10.9,6,0
658,Greninja,72,145,67,153,71,132,water,dark,1.5,40,6,0
659,Bunnelby,38,36,38,32,36,57,normal,,0.4,5,6,0
660,Diggersby,85,56,77,50,77,78,normal,ground,1,42.4,6,0
661,Fletchling,45,50,43,40,38,62,normal,flying,0.3,1.7,6,0
662,Fletchinder,62,73,55,56,52,84,fire,flying,0.7,16,6,0
663,Talonflame,78,81,71,74,69,126,fire,flying,1.2,24.5,6,0
664,Scatterbug,38,35,40,27,25,35,bug,,0.3,2.5,6,0
665,Spewpa,45,22,60,27,30,29,bug,,0.3,8.4,6,0
666,Vivillon,80,52,50,90,50,89,bug,flying,1.2,17,6,0
667,Litleo,62,50,58,73,54,72,fire,normal,0.6,13.5,6,0
668,Pyroar,86,68,72,109,66,106,fire,normal,1.5,81.5,6,0
669,Flabébé,44,38,39,61,79,42,fairy,,0.1,0.1,6,0
670,Floette,74,65,67,125,128,92,fairy,,0.2,0.9,6,0
671,Florges,78,65,68,112,154,75,fairy,,1.1,10,6,0
672,Skiddo,66,65,48,62,57,52,grass,,0.9,31,6,0
673,Gogoat,123,100,62,97,81,68,grass,,1.7,91,6,0
674,Pancham,67,82,62,46,48,43,fighting,,0.6,8,6,0
675,Pangoro,95,124,78,69,71,58,fighting,dark,2.1,136,6,0
676,Furfrou,75,80,60,65,90,102,normal,,1.2,28,6,0
677,Espurr,62,48,54,63,60,68,psychic,,0.3,3.5,6,0
678,Meowstic,74,48,76,83,81,104,psychic,,0.6,8.5,6,0
679,Honedge,45,80,100,35,37,28,steel,ghost,0.8,2,6,0
680,Doublade,59,110,150,45,49,35,steel,ghost,0.8,4.5,6,0
681,Aegislash,60,150,50,150,50,60,steel,ghost,1.7,53,6,0
682,Spritzee,78,52,60,63,65,23,fairy,,0.2,0.5,6,0
683,Aromatisse,101,72,72,99,89,29,fairy,,0.8,15.5,6,0
684,Swirlix,62,48,66,59,57,49,fairy,,0.4,3.5,6,0
685,Slurpuff,82,80,86,85,75,72,fairy,,0.8,5,6,0
686,Inkay,53,54,53,37,46,45,dark,psychic,0.4,3.5,6,0
687,Malamar,86,92,88,68,75,73,dark,psychic,1.5,47,6,0
688,Binacle,42,52,67,39,56,50,rock,water,0.5,31,6,0
689,Barbaracle,72,105,115,54,86,68,rock,water,1.3,96,6,0
690,Skrelp,50,60,60,60,60,30,poison,water,0.5,7.3,6,0
691,Dragalge,65,75,90,97,123,44,poison,dragon,1.8,81.5,6,0
692,Clauncher,50,53,62,58,63,44,water,,0.5,8.3,6,0
693,Clawitzer,71,73,88,120,89,59,water,,1.3,35.3,6,0
694,Helioptile,44,38,33,61,43,70,electric,normal,0.5,6,6,0
695,Heliolisk,62,55,52,109,94,109,electric,normal,1,21,6,0
696,Tyrunt,58,89,77,45,45,48,rock,dragon,0.8,26,6,0
697,Tyrantrum,82,121,119,69,59,71,rock,dragon,2.5,270,6,0
698,Amaura,77,59,50,67,63,46,rock,ice,1.3,25.2,6,0
699,Aurorus,123,77,72,99,92,58,rock,ice,2.7,225,6,0
700,Sylveon,95,65,65,110,130,60,fairy,,1,23.5,6,0
701,Hawlucha,78,92,75,74,63,118,fighting,flying,0.8,21.5,6,0
702,Dedenne,67,58,57,81,67,101,electric,fairy,0.2,2.2,6,0
703,Carbink,50,50,150,50,150,50,rock,fairy,0.3,5.7,6,0
704,Goomy,45,50,35,55,75,40,dragon,,0.3,2.8,6,0
705,Sliggoo,68,75,53,83,113,60,dragon,,0.8,17.5,6,0
706,Goodra,90,100,70,110,150,80,dragon,,2,150.5,6,0
707,Klefki,57,80,91,80,87,75,steel,fairy,0.2,3,6,0
708,Phantump,43,70,48,50,60,38,ghost,grass,0.4,7,6,0
709,Trevenant,85,110,76,65,82,56,ghost,grass,1.5,71,6,0
710,Pumpkaboo,59,66,70,44,55,41,ghost,grass,0.8,15,6,0
711,Gourgeist,85,100,122,58,75,54,ghost,grass,1.7,39,6,0
712,Bergmite,55,69,85,32,35,28,ice,,1,99.5,6,0
713,Avalugg,95,117,184,44,46,28,ice,,2,505,6,0
714,Noibat,40,30,35,45,40,55,flying,dragon,0.5,8,6,0
715,Noivern,85,70,80,97,80,123,flying,dragon,1.5,85,6,0
716,Xerneas,126,131,95,131,98,99,fairy,,3,215,6,1
717,Yveltal,126,131,95,131,98,99,dark,flying,5.8,203,6,1
718,Zygarde,216,100,121,91,95,85,dragon,ground,5,284.6,6,1
719,Diancie,50,160,110,160,110,110,rock,fairy,0.7,8.8,6,1
720,Hoopa,80,160,60,170,130,80,psychic,ghost,,,6,1
721,Volcanion,80,110,120,130,90,70,fire,water,1.7,195,6,1
722,Rowlet,68,55,55,50,50,42,grass,flying,0.3,1.5,7,0
723,Dartrix,78,75,75,70,70,52,grass,flying,0.7,16,7,0
724,Decidueye,78,107,75,100,100,70,grass,ghost,1.6,36.6,7,0
725,Litten,45,65,40,60,40,70,fire,,0.4,4.3,7,0
726,Torracat,65,85,50,80,50,90,fire,,0.7,25,7,0
727,Incineroar,95,115,90,80,90,60,fire,dark,1.8,83,7,0
728,Popplio,50,54,54,66,56,40,water,,0.4,7.5,7,0
729,Brionne,60,69,69,91,81,50,water,,0.6,17.5,7,0
730,Primarina,80,74,74,126,116,60,water,fairy,1.8,44,7,0
731,Pikipek,35,75,30,30,30,65,normal,flying,0.3,1.2,7,0
732,Trumbeak,55,85,50,40,50,75,normal,flying,0.6,14.8,7,0
733,Toucannon,80,120,75,75,75,60,normal,flying,1.1,26,7,0
734,Yungoos,48,70,30,30,30,45,normal,,0.4,6,7,0
735,Gumshoos,88,110,60,55,60,45,normal,,0.7,14.2,7,0
736,Grubbin,47,62,45,55,45,46,bug,,0.4,4.4,7,0
737,Charjabug,57,82,95,55,75,36,bug,electric,0.5,10.5,7,0
738,Vikavolt,77,70,90,145,75,43,bug,electric,1.5,45,7,0
739,Crabrawler,47,82,57,42,47,63,fighting,,0.6,7,7,0
740,Crabominable,97,132,77,62,67,43,fighting,ice,1.7,180,7,0
741,Oricorio,75,70,70,98,70,93,fire,flying,0.6,3.4,7,0
742,Cutiefly,40,45,40,55,40,84,bug,fairy,0.1,0.2,7,0
743,Ribombee,60,55,60,95,70,124,bug,fairy,0.2,0.5,7,0
744,Rockruff,45,65,40,30,40,60,rock,,0.5,9.2,7,0
745,Lycanroc,85,115,75,55,75,82,rock,,,,7,0
746,Wishiwashi,45,140,130,140,135,30,water,,0.2,0.3,7,0
747,Mareanie,50,53,62,43,52,45,poison,water,0.4,8,7,0
748,Toxapex,50,63,152,53,142,35,poison,water,0.7,14.5,7,0
749,Mudbray,70,100,70,45,55,45,ground,,1,110,7,0
750,Mudsdale,100,125,100,55,85,35,ground,,2.5,920,7,0
751,Dewpider,38,40,52,40,72,27,water,bug,0.3,4,7,0
752,Araquanid,68,70,92,50,132,42,water,bug,1.8,82,7,0
753,Fomantis,40,55,35,50,35,35,grass,,0.3,1.5,7,0
754,Lurantis,70,105,90,80,90,45,grass,,0.9,18.5,7,0
755,Morelull,40,35,55,65,75,15,grass,fairy,0.2,1.5,7,0
756,Shiinotic,60,45,80,90,100,30,grass,fairy,1,11.5,7,0
757,Salandit,48,44,40,71,40,77,poison,fire,0.6,4.8,7,0
758,Salazzle,68,64,60,111,60,117,poison,fire,1.2,22.2,7,0
759,Stufful,70,75,50,45,50,50,normal,fighting,0.5,6.8,7,0
760,Bewear,120,125,80,55,60,60,normal,fighting,2.1,135,7,0
761,Bounsweet,42,30,38,30,38,32,grass,,0.3,3.2,7,0
762,Steenee,52,40,48,40,48,62,grass,,0.7,8.2,7,0
763,Tsareena,72,120,98,50,98,72,grass,,1.2,21.4,7,0
764,Comfey,51,52,90,82,110,100,fairy,,0.1,0.3,7,0
765,Oranguru,90,60,80,90,110,60,normal,psychic,1.5,76,7,0
766,Passimian,100,120,90,40,60,80,fighting,,2,82.8,7,0
767,Wimpod,25,35,40,20,30,80,bug,water,0.5,12,7,0
768,Golisopod,75,125,140,60,90,40,bug,water,2,108,7,0
769,Sandygast,55,55,80,70,45,15,ghost,ground,0.5,70,7,0
770,Palossand,85,75,110,100,75,35,ghost,ground,1.3,250,7,0
771,Pyukumuku,55,60,130,30,130,5,water,,0.3,1.2,7,0
772,Type: Null,95,95,95,95,95,59,normal,,1.9,120.5,7,0
773,Silvally,95,95,95,95,95,95,normal,,2.3,100.5,7,0
774,Minior,60,100,60,100,60,120,rock,flying,0.3,40,7,0
775,Komala,65,115,65,75,95,65,normal,,0.4,19.9,7,0
776,Turtonator,60,78,135,91,85,36,fire,dragon,2,212,7,0
777,Togedemaru,65,98,63,40,73,96,electric,steel,0.3,3.3,7,0
778,Mimikyu,55,90,80,50,105,96,ghost,fairy,0.2,0.7,7,0
779,Bruxish,68,105,70,70,70,92,water,psychic,0.9,19,7,0
780,Drampa,78,60,85,135,91,36,normal,dragon,3,185,7,0
781,Dhelmise,70,131,100,86,90,40,ghost,grass,3.9,210,7,0
782,Jangmo-o,45,55,65,45,45,45,dragon,,0.6,29.7,7,0
783,Hakamo-o,55,75,90,65,70,65,dragon,fighting,1.2,47,7,0
784,Kommo-o,75,110,125,100,105,85,dragon,fighting,1.6,78.2,7,0
785,Tapu Koko,70,115,85,95,75,130,electric,fairy,1.8,20.5,7,1
786,Tapu Lele,70,85,75,130,115,95,psychic,fairy,1.2,18.6,7,1
787,Tapu Bulu,70,130,115,85,95,75,grass,fairy,1.9,45.5,7,1
788,Tapu Fini,70,75,115,95,130,85,water,fairy,1.3,21.2,7,1
789,Cosmog,43,29,31,29,31,37,psychic,,0.2,0.1,7,1
790,Cosmoem,43,29,131,29,131,37,psychic,,0.1,999.9,7,1
791,Solgaleo,137,137,107,113,89,97,psychic,steel,3.4,230,7,1
792,Lunala,137,113,89,137,107,97,psychic,ghost,4,120,7,1
793,Nihilego,109,53,47,127,131,103,rock,poison,1.2,55.5,7,1
794,Buzzwole,107,139,139,53,53,79,bug,fighting,2.4,333.6,7,1
795,Pheromosa,71,137,37,137,37,151,bug,fighting,1.8,25,7,1
796,Xurkitree,83,89,71,173,71,83,electric,,3.8,100,7,1
797,Celesteela,97,101,103,107,101,61,steel,flying,9.2,999.9,7,1
798,Kartana,59,181,131,59,31,109,grass,steel,0.3,0.1,7,1
799,Guzzlord,223,101,53,97,53,43,dark,dragon,5.5,888,7,1
800,Necrozma,97,107,101,127,89,79,psychic,,2.4,230,7,1
801,Magearna,80,95,115,130,115,65,steel,fairy,1,80.5,7,1